id;id_grado_ofertado;a√±o;convocatoria;grupo;nota
1;83;2025;ordinaria;Grupo 1;5.0
2;94;2025;ordinaria;Grupo 1;5.0
3;83;2025;ordinaria;Grupo 2;5.0
4;94;2025;ordinaria;Grupo 2;5.0
5;83;2025;ordinaria;Grupo 3;5.0
6;94;2025;ordinaria;Grupo 3;5.0
7;83;2025;ordinaria;Grupo 4;5.0
8;94;2025;ordinaria;Grupo 4;5.0
9;83;2025;ordinaria;Grupo 5;5.0
10;94;2025;ordinaria;Grupo 5;5.0
11;19;2025;ordinaria;Grupo 1;9.936
12;22;2025;ordinaria;Grupo 1;9.936
13;25;2025;ordinaria;Grupo 1;9.936
14;32;2025;ordinaria;Grupo 1;9.936
15;19;2025;ordinaria;Grupo 2;9.29
16;22;2025;ordinaria;Grupo 2;9.29
17;25;2025;ordinaria;Grupo 2;9.29
18;32;2025;ordinaria;Grupo 2;9.29
19;19;2025;ordinaria;Grupo 3;5.0
20;22;2025;ordinaria;Grupo 3;5.0
21;25;2025;ordinaria;Grupo 3;5.0
22;32;2025;ordinaria;Grupo 3;5.0
23;19;2025;ordinaria;Grupo 4;5.0
24;22;2025;ordinaria;Grupo 4;5.0
25;25;2025;ordinaria;Grupo 4;5.0
26;32;2025;ordinaria;Grupo 4;5.0
27;19;2025;ordinaria;Grupo 5;5.0
28;22;2025;ordinaria;Grupo 5;5.0
29;25;2025;ordinaria;Grupo 5;5.0
30;32;2025;ordinaria;Grupo 5;5.0
31;93;2025;ordinaria;Grupo 1;5.0
32;93;2025;ordinaria;Grupo 2;5.0
33;93;2025;ordinaria;Grupo 3;5.0
34;93;2025;ordinaria;Grupo 4;5.0
35;93;2025;ordinaria;Grupo 5;5.0
36;23;2025;ordinaria;Grupo 1;9.6
37;23;2025;ordinaria;Grupo 2;8.94
38;23;2025;ordinaria;Grupo 3;5.0
39;23;2025;ordinaria;Grupo 4;5.0
40;23;2025;ordinaria;Grupo 5;5.0
41;24;2025;ordinaria;Grupo 1;11.65
42;47;2025;ordinaria;Grupo 1;11.65
43;24;2025;ordinaria;Grupo 2;8.3
44;47;2025;ordinaria;Grupo 2;8.3
45;24;2025;ordinaria;Grupo 3;5.0
46;47;2025;ordinaria;Grupo 3;5.0
47;24;2025;ordinaria;Grupo 4;5.0
48;47;2025;ordinaria;Grupo 4;5.0
49;24;2025;ordinaria;Grupo 5;5.0
50;47;2025;ordinaria;Grupo 5;5.0
51;76;2025;ordinaria;Grupo 1;5.0
52;76;2025;ordinaria;Grupo 2;5.0
53;76;2025;ordinaria;Grupo 3;5.0
54;76;2025;ordinaria;Grupo 4;5.0
55;76;2025;ordinaria;Grupo 5;5.0
56;79;2025;ordinaria;Grupo 1;5.0
57;86;2025;ordinaria;Grupo 1;5.0
58;103;2025;ordinaria;Grupo 1;5.0
59;137;2025;ordinaria;Grupo 1;5.0
60;79;2025;ordinaria;Grupo 2;5.0
61;86;2025;ordinaria;Grupo 2;5.0
62;103;2025;ordinaria;Grupo 2;5.0
63;137;2025;ordinaria;Grupo 2;5.0
64;79;2025;ordinaria;Grupo 3;5.0
65;86;2025;ordinaria;Grupo 3;5.0
66;103;2025;ordinaria;Grupo 3;5.0
67;137;2025;ordinaria;Grupo 3;5.0
68;79;2025;ordinaria;Grupo 4;5.0
69;86;2025;ordinaria;Grupo 4;5.0
70;103;2025;ordinaria;Grupo 4;5.0
71;137;2025;ordinaria;Grupo 4;5.0
72;79;2025;ordinaria;Grupo 5;5.0
73;86;2025;ordinaria;Grupo 5;5.0
74;103;2025;ordinaria;Grupo 5;5.0
75;137;2025;ordinaria;Grupo 5;5.0
76;0;2025;ordinaria;Grupo 1;5.0
77;0;2025;ordinaria;Grupo 2;5.0
78;0;2025;ordinaria;Grupo 3;5.0
79;0;2025;ordinaria;Grupo 4;5.0
80;0;2025;ordinaria;Grupo 5;5.0
81;0;2025;ordinaria;Grupo 1;5.378
82;0;2025;ordinaria;Grupo 2;7.5
83;0;2025;ordinaria;Grupo 3;5.0
84;0;2025;ordinaria;Grupo 4;5.0
85;0;2025;ordinaria;Grupo 5;5.0
86;78;2025;ordinaria;Grupo 1;5.0
87;78;2025;ordinaria;Grupo 2;5.0
88;78;2025;ordinaria;Grupo 3;5.0
89;78;2025;ordinaria;Grupo 4;5.0
90;78;2025;ordinaria;Grupo 5;5.0
91;5;2025;ordinaria;Grupo 1;5.94
92;43;2025;ordinaria;Grupo 1;5.94
93;82;2025;ordinaria;Grupo 1;5.94
94;89;2025;ordinaria;Grupo 1;5.94
95;90;2025;ordinaria;Grupo 1;5.94
96;5;2025;ordinaria;Grupo 2;8.79
97;43;2025;ordinaria;Grupo 2;8.79
98;82;2025;ordinaria;Grupo 2;8.79
99;89;2025;ordinaria;Grupo 2;8.79
100;90;2025;ordinaria;Grupo 2;8.79
101;5;2025;ordinaria;Grupo 3;5.0
102;43;2025;ordinaria;Grupo 3;5.0
103;82;2025;ordinaria;Grupo 3;5.0
104;89;2025;ordinaria;Grupo 3;5.0
105;90;2025;ordinaria;Grupo 3;5.0
106;5;2025;ordinaria;Grupo 4;5.0
107;43;2025;ordinaria;Grupo 4;5.0
108;82;2025;ordinaria;Grupo 4;5.0
109;89;2025;ordinaria;Grupo 4;5.0
110;90;2025;ordinaria;Grupo 4;5.0
111;5;2025;ordinaria;Grupo 5;5.0
112;43;2025;ordinaria;Grupo 5;5.0
113;82;2025;ordinaria;Grupo 5;5.0
114;89;2025;ordinaria;Grupo 5;5.0
115;90;2025;ordinaria;Grupo 5;5.0
116;0;2025;ordinaria;Grupo 1;8.384
117;0;2025;ordinaria;Grupo 2;8.0
118;0;2025;ordinaria;Grupo 3;7.03
119;0;2025;ordinaria;Grupo 4;5.0
120;0;2025;ordinaria;Grupo 5;5.0
121;11;2025;ordinaria;Grupo 1;5.0
122;44;2025;ordinaria;Grupo 1;5.0
123;95;2025;ordinaria;Grupo 1;5.0
124;100;2025;ordinaria;Grupo 1;5.0
125;104;2025;ordinaria;Grupo 1;5.0
126;109;2025;ordinaria;Grupo 1;5.0
127;11;2025;ordinaria;Grupo 2;5.0
128;44;2025;ordinaria;Grupo 2;5.0
129;95;2025;ordinaria;Grupo 2;5.0
130;100;2025;ordinaria;Grupo 2;5.0
131;104;2025;ordinaria;Grupo 2;5.0
132;109;2025;ordinaria;Grupo 2;5.0
133;11;2025;ordinaria;Grupo 3;5.0
134;44;2025;ordinaria;Grupo 3;5.0
135;95;2025;ordinaria;Grupo 3;5.0
136;100;2025;ordinaria;Grupo 3;5.0
137;104;2025;ordinaria;Grupo 3;5.0
138;109;2025;ordinaria;Grupo 3;5.0
139;11;2025;ordinaria;Grupo 4;5.0
140;44;2025;ordinaria;Grupo 4;5.0
141;95;2025;ordinaria;Grupo 4;5.0
142;100;2025;ordinaria;Grupo 4;5.0
143;104;2025;ordinaria;Grupo 4;5.0
144;109;2025;ordinaria;Grupo 4;5.0
145;11;2025;ordinaria;Grupo 5;5.0
146;44;2025;ordinaria;Grupo 5;5.0
147;95;2025;ordinaria;Grupo 5;5.0
148;100;2025;ordinaria;Grupo 5;5.0
149;104;2025;ordinaria;Grupo 5;5.0
150;109;2025;ordinaria;Grupo 5;5.0
151;12;2025;ordinaria;Grupo 1;5.0
152;96;2025;ordinaria;Grupo 1;5.0
153;98;2025;ordinaria;Grupo 1;5.0
154;105;2025;ordinaria;Grupo 1;5.0
155;12;2025;ordinaria;Grupo 2;5.0
156;96;2025;ordinaria;Grupo 2;5.0
157;98;2025;ordinaria;Grupo 2;5.0
158;105;2025;ordinaria;Grupo 2;5.0
159;12;2025;ordinaria;Grupo 3;5.0
160;96;2025;ordinaria;Grupo 3;5.0
161;98;2025;ordinaria;Grupo 3;5.0
162;105;2025;ordinaria;Grupo 3;5.0
163;12;2025;ordinaria;Grupo 4;5.0
164;96;2025;ordinaria;Grupo 4;5.0
165;98;2025;ordinaria;Grupo 4;5.0
166;105;2025;ordinaria;Grupo 4;5.0
167;12;2025;ordinaria;Grupo 5;5.0
168;96;2025;ordinaria;Grupo 5;5.0
169;98;2025;ordinaria;Grupo 5;5.0
170;105;2025;ordinaria;Grupo 5;5.0
171;81;2025;ordinaria;Grupo 1;5.0
172;81;2025;ordinaria;Grupo 2;5.0
173;81;2025;ordinaria;Grupo 3;5.0
174;81;2025;ordinaria;Grupo 4;5.0
175;81;2025;ordinaria;Grupo 5;5.0
176;0;2025;ordinaria;Grupo 1;5.0
177;0;2025;ordinaria;Grupo 2;5.0
178;0;2025;ordinaria;Grupo 3;5.0
179;0;2025;ordinaria;Grupo 4;5.0
180;0;2025;ordinaria;Grupo 5;5.0
181;0;2025;ordinaria;Grupo 1;5.0
182;0;2025;ordinaria;Grupo 2;5.0
183;0;2025;ordinaria;Grupo 3;5.0
184;0;2025;ordinaria;Grupo 4;5.0
185;0;2025;ordinaria;Grupo 5;5.0
186;13;2025;ordinaria;Grupo 1;5.0
187;46;2025;ordinaria;Grupo 1;5.0
188;99;2025;ordinaria;Grupo 1;5.0
189;110;2025;ordinaria;Grupo 1;5.0
190;13;2025;ordinaria;Grupo 2;5.0
191;46;2025;ordinaria;Grupo 2;5.0
192;99;2025;ordinaria;Grupo 2;5.0
193;110;2025;ordinaria;Grupo 2;5.0
194;13;2025;ordinaria;Grupo 3;5.0
195;46;2025;ordinaria;Grupo 3;5.0
196;99;2025;ordinaria;Grupo 3;5.0
197;110;2025;ordinaria;Grupo 3;5.0
198;13;2025;ordinaria;Grupo 4;5.0
199;46;2025;ordinaria;Grupo 4;5.0
200;99;2025;ordinaria;Grupo 4;5.0
201;110;2025;ordinaria;Grupo 4;5.0
202;13;2025;ordinaria;Grupo 5;5.0
203;46;2025;ordinaria;Grupo 5;5.0
204;99;2025;ordinaria;Grupo 5;5.0
205;110;2025;ordinaria;Grupo 5;5.0
206;88;2025;ordinaria;Grupo 1;5.0
207;91;2025;ordinaria;Grupo 1;5.0
208;142;2025;ordinaria;Grupo 1;5.0
209;143;2025;ordinaria;Grupo 1;5.0
210;150;2025;ordinaria;Grupo 1;5.0
211;88;2025;ordinaria;Grupo 2;5.0
212;91;2025;ordinaria;Grupo 2;5.0
213;142;2025;ordinaria;Grupo 2;5.0
214;143;2025;ordinaria;Grupo 2;5.0
215;150;2025;ordinaria;Grupo 2;5.0
216;88;2025;ordinaria;Grupo 3;5.0
217;91;2025;ordinaria;Grupo 3;5.0
218;142;2025;ordinaria;Grupo 3;5.0
219;143;2025;ordinaria;Grupo 3;5.0
220;150;2025;ordinaria;Grupo 3;5.0
221;88;2025;ordinaria;Grupo 4;5.0
222;91;2025;ordinaria;Grupo 4;5.0
223;142;2025;ordinaria;Grupo 4;5.0
224;143;2025;ordinaria;Grupo 4;5.0
225;150;2025;ordinaria;Grupo 4;5.0
226;88;2025;ordinaria;Grupo 5;5.0
227;91;2025;ordinaria;Grupo 5;5.0
228;142;2025;ordinaria;Grupo 5;5.0
229;143;2025;ordinaria;Grupo 5;5.0
230;150;2025;ordinaria;Grupo 5;5.0
231;122;2025;ordinaria;Grupo 1;9.564
232;211;2025;ordinaria;Grupo 1;9.564
233;224;2025;ordinaria;Grupo 1;9.564
234;247;2025;ordinaria;Grupo 1;9.564
235;253;2025;ordinaria;Grupo 1;9.564
236;270;2025;ordinaria;Grupo 1;9.564
237;273;2025;ordinaria;Grupo 1;9.564
238;280;2025;ordinaria;Grupo 1;9.564
239;303;2025;ordinaria;Grupo 1;9.564
240;305;2025;ordinaria;Grupo 1;9.564
241;122;2025;ordinaria;Grupo 2;6.99
242;211;2025;ordinaria;Grupo 2;6.99
243;224;2025;ordinaria;Grupo 2;6.99
244;247;2025;ordinaria;Grupo 2;6.99
245;253;2025;ordinaria;Grupo 2;6.99
246;270;2025;ordinaria;Grupo 2;6.99
247;273;2025;ordinaria;Grupo 2;6.99
248;280;2025;ordinaria;Grupo 2;6.99
249;303;2025;ordinaria;Grupo 2;6.99
250;305;2025;ordinaria;Grupo 2;6.99
251;122;2025;ordinaria;Grupo 3;5.0
252;211;2025;ordinaria;Grupo 3;5.0
253;224;2025;ordinaria;Grupo 3;5.0
254;247;2025;ordinaria;Grupo 3;5.0
255;253;2025;ordinaria;Grupo 3;5.0
256;270;2025;ordinaria;Grupo 3;5.0
257;273;2025;ordinaria;Grupo 3;5.0
258;280;2025;ordinaria;Grupo 3;5.0
259;303;2025;ordinaria;Grupo 3;5.0
260;305;2025;ordinaria;Grupo 3;5.0
261;122;2025;ordinaria;Grupo 4;5.0
262;211;2025;ordinaria;Grupo 4;5.0
263;224;2025;ordinaria;Grupo 4;5.0
264;247;2025;ordinaria;Grupo 4;5.0
265;253;2025;ordinaria;Grupo 4;5.0
266;270;2025;ordinaria;Grupo 4;5.0
267;273;2025;ordinaria;Grupo 4;5.0
268;280;2025;ordinaria;Grupo 4;5.0
269;303;2025;ordinaria;Grupo 4;5.0
270;305;2025;ordinaria;Grupo 4;5.0
271;122;2025;ordinaria;Grupo 5;5.0
272;211;2025;ordinaria;Grupo 5;5.0
273;224;2025;ordinaria;Grupo 5;5.0
274;247;2025;ordinaria;Grupo 5;5.0
275;253;2025;ordinaria;Grupo 5;5.0
276;270;2025;ordinaria;Grupo 5;5.0
277;273;2025;ordinaria;Grupo 5;5.0
278;280;2025;ordinaria;Grupo 5;5.0
279;303;2025;ordinaria;Grupo 5;5.0
280;305;2025;ordinaria;Grupo 5;5.0
281;0;2025;ordinaria;Grupo 1;10.714
282;0;2025;ordinaria;Grupo 2;5.0
283;0;2025;ordinaria;Grupo 3;5.0
284;0;2025;ordinaria;Grupo 4;6.88
285;0;2025;ordinaria;Grupo 5;5.0
286;1;2025;ordinaria;Grupo 1;5.0
287;6;2025;ordinaria;Grupo 1;5.0
288;15;2025;ordinaria;Grupo 1;5.0
289;2;2025;ordinaria;Grupo 1;5.0
290;7;2025;ordinaria;Grupo 1;5.0
291;16;2025;ordinaria;Grupo 1;5.0
292;3;2025;ordinaria;Grupo 1;5.0
293;8;2025;ordinaria;Grupo 1;5.0
294;17;2025;ordinaria;Grupo 1;5.0
295;4;2025;ordinaria;Grupo 1;5.0
296;9;2025;ordinaria;Grupo 1;5.0
297;18;2025;ordinaria;Grupo 1;5.0
298;1;2025;ordinaria;Grupo 2;5.0
299;6;2025;ordinaria;Grupo 2;5.0
300;15;2025;ordinaria;Grupo 2;5.0
301;2;2025;ordinaria;Grupo 2;5.0
302;7;2025;ordinaria;Grupo 2;5.0
303;16;2025;ordinaria;Grupo 2;5.0
304;3;2025;ordinaria;Grupo 2;5.0
305;8;2025;ordinaria;Grupo 2;5.0
306;17;2025;ordinaria;Grupo 2;5.0
307;4;2025;ordinaria;Grupo 2;5.0
308;9;2025;ordinaria;Grupo 2;5.0
309;18;2025;ordinaria;Grupo 2;5.0
310;1;2025;ordinaria;Grupo 3;5.0
311;6;2025;ordinaria;Grupo 3;5.0
312;15;2025;ordinaria;Grupo 3;5.0
313;2;2025;ordinaria;Grupo 3;5.0
314;7;2025;ordinaria;Grupo 3;5.0
315;16;2025;ordinaria;Grupo 3;5.0
316;3;2025;ordinaria;Grupo 3;5.0
317;8;2025;ordinaria;Grupo 3;5.0
318;17;2025;ordinaria;Grupo 3;5.0
319;4;2025;ordinaria;Grupo 3;5.0
320;9;2025;ordinaria;Grupo 3;5.0
321;18;2025;ordinaria;Grupo 3;5.0
322;1;2025;ordinaria;Grupo 4;5.0
323;6;2025;ordinaria;Grupo 4;5.0
324;15;2025;ordinaria;Grupo 4;5.0
325;2;2025;ordinaria;Grupo 4;5.0
326;7;2025;ordinaria;Grupo 4;5.0
327;16;2025;ordinaria;Grupo 4;5.0
328;3;2025;ordinaria;Grupo 4;5.0
329;8;2025;ordinaria;Grupo 4;5.0
330;17;2025;ordinaria;Grupo 4;5.0
331;4;2025;ordinaria;Grupo 4;5.0
332;9;2025;ordinaria;Grupo 4;5.0
333;18;2025;ordinaria;Grupo 4;5.0
334;1;2025;ordinaria;Grupo 5;5.0
335;6;2025;ordinaria;Grupo 5;5.0
336;15;2025;ordinaria;Grupo 5;5.0
337;2;2025;ordinaria;Grupo 5;5.0
338;7;2025;ordinaria;Grupo 5;5.0
339;16;2025;ordinaria;Grupo 5;5.0
340;3;2025;ordinaria;Grupo 5;5.0
341;8;2025;ordinaria;Grupo 5;5.0
342;17;2025;ordinaria;Grupo 5;5.0
343;4;2025;ordinaria;Grupo 5;5.0
344;9;2025;ordinaria;Grupo 5;5.0
345;18;2025;ordinaria;Grupo 5;5.0
346;311;2025;ordinaria;Grupo 1;10.937
347;311;2025;ordinaria;Grupo 2;8.76
348;311;2025;ordinaria;Grupo 3;5.0
349;311;2025;ordinaria;Grupo 4;5.0
350;311;2025;ordinaria;Grupo 5;5.0
351;115;2025;ordinaria;Grupo 1;5.778
352;229;2025;ordinaria;Grupo 1;5.778
353;232;2025;ordinaria;Grupo 1;5.778
354;115;2025;ordinaria;Grupo 2;7.54
355;229;2025;ordinaria;Grupo 2;7.54
356;232;2025;ordinaria;Grupo 2;7.54
357;115;2025;ordinaria;Grupo 3;5.0
358;229;2025;ordinaria;Grupo 3;5.0
359;232;2025;ordinaria;Grupo 3;5.0
360;115;2025;ordinaria;Grupo 4;5.0
361;229;2025;ordinaria;Grupo 4;5.0
362;232;2025;ordinaria;Grupo 4;5.0
363;115;2025;ordinaria;Grupo 5;5.0
364;229;2025;ordinaria;Grupo 5;5.0
365;232;2025;ordinaria;Grupo 5;5.0
366;240;2025;ordinaria;Grupo 1;8.15
367;240;2025;ordinaria;Grupo 2;6.6
368;240;2025;ordinaria;Grupo 3;5.0
369;240;2025;ordinaria;Grupo 4;5.0
370;240;2025;ordinaria;Grupo 5;5.0
371;27;2025;ordinaria;Grupo 1;9.544
372;36;2025;ordinaria;Grupo 1;9.544
373;72;2025;ordinaria;Grupo 1;9.544
374;106;2025;ordinaria;Grupo 1;9.544
375;125;2025;ordinaria;Grupo 1;9.544
376;141;2025;ordinaria;Grupo 1;9.544
377;225;2025;ordinaria;Grupo 1;9.544
378;260;2025;ordinaria;Grupo 1;9.544
379;315;2025;ordinaria;Grupo 1;9.544
380;319;2025;ordinaria;Grupo 1;9.544
381;320;2025;ordinaria;Grupo 1;9.544
382;27;2025;ordinaria;Grupo 2;9.63
383;36;2025;ordinaria;Grupo 2;9.63
384;72;2025;ordinaria;Grupo 2;9.63
385;106;2025;ordinaria;Grupo 2;9.63
386;125;2025;ordinaria;Grupo 2;9.63
387;141;2025;ordinaria;Grupo 2;9.63
388;225;2025;ordinaria;Grupo 2;9.63
389;260;2025;ordinaria;Grupo 2;9.63
390;315;2025;ordinaria;Grupo 2;9.63
391;319;2025;ordinaria;Grupo 2;9.63
392;320;2025;ordinaria;Grupo 2;9.63
393;27;2025;ordinaria;Grupo 3;5.0
394;36;2025;ordinaria;Grupo 3;5.0
395;72;2025;ordinaria;Grupo 3;5.0
396;106;2025;ordinaria;Grupo 3;5.0
397;125;2025;ordinaria;Grupo 3;5.0
398;141;2025;ordinaria;Grupo 3;5.0
399;225;2025;ordinaria;Grupo 3;5.0
400;260;2025;ordinaria;Grupo 3;5.0
401;315;2025;ordinaria;Grupo 3;5.0
402;319;2025;ordinaria;Grupo 3;5.0
403;320;2025;ordinaria;Grupo 3;5.0
404;27;2025;ordinaria;Grupo 4;5.0
405;36;2025;ordinaria;Grupo 4;5.0
406;72;2025;ordinaria;Grupo 4;5.0
407;106;2025;ordinaria;Grupo 4;5.0
408;125;2025;ordinaria;Grupo 4;5.0
409;141;2025;ordinaria;Grupo 4;5.0
410;225;2025;ordinaria;Grupo 4;5.0
411;260;2025;ordinaria;Grupo 4;5.0
412;315;2025;ordinaria;Grupo 4;5.0
413;319;2025;ordinaria;Grupo 4;5.0
414;320;2025;ordinaria;Grupo 4;5.0
415;27;2025;ordinaria;Grupo 5;5.0
416;36;2025;ordinaria;Grupo 5;5.0
417;72;2025;ordinaria;Grupo 5;5.0
418;106;2025;ordinaria;Grupo 5;5.0
419;125;2025;ordinaria;Grupo 5;5.0
420;141;2025;ordinaria;Grupo 5;5.0
421;225;2025;ordinaria;Grupo 5;5.0
422;260;2025;ordinaria;Grupo 5;5.0
423;315;2025;ordinaria;Grupo 5;5.0
424;319;2025;ordinaria;Grupo 5;5.0
425;320;2025;ordinaria;Grupo 5;5.0
426;118;2025;ordinaria;Grupo 1;11.233
427;144;2025;ordinaria;Grupo 1;11.233
428;169;2025;ordinaria;Grupo 1;11.233
429;218;2025;ordinaria;Grupo 1;11.233
430;254;2025;ordinaria;Grupo 1;11.233
431;258;2025;ordinaria;Grupo 1;11.233
432;118;2025;ordinaria;Grupo 2;8.14
433;144;2025;ordinaria;Grupo 2;8.14
434;169;2025;ordinaria;Grupo 2;8.14
435;218;2025;ordinaria;Grupo 2;8.14
436;254;2025;ordinaria;Grupo 2;8.14
437;258;2025;ordinaria;Grupo 2;8.14
438;118;2025;ordinaria;Grupo 3;5.0
439;144;2025;ordinaria;Grupo 3;5.0
440;169;2025;ordinaria;Grupo 3;5.0
441;218;2025;ordinaria;Grupo 3;5.0
442;254;2025;ordinaria;Grupo 3;5.0
443;258;2025;ordinaria;Grupo 3;5.0
444;118;2025;ordinaria;Grupo 4;6.75
445;144;2025;ordinaria;Grupo 4;6.75
446;169;2025;ordinaria;Grupo 4;6.75
447;218;2025;ordinaria;Grupo 4;6.75
448;254;2025;ordinaria;Grupo 4;6.75
449;258;2025;ordinaria;Grupo 4;6.75
450;118;2025;ordinaria;Grupo 5;5.0
451;144;2025;ordinaria;Grupo 5;5.0
452;169;2025;ordinaria;Grupo 5;5.0
453;218;2025;ordinaria;Grupo 5;5.0
454;254;2025;ordinaria;Grupo 5;5.0
455;258;2025;ordinaria;Grupo 5;5.0
456;119;2025;ordinaria;Grupo 1;8.439
457;214;2025;ordinaria;Grupo 1;8.439
458;221;2025;ordinaria;Grupo 1;8.439
459;235;2025;ordinaria;Grupo 1;8.439
460;244;2025;ordinaria;Grupo 1;8.439
461;246;2025;ordinaria;Grupo 1;8.439
462;256;2025;ordinaria;Grupo 1;8.439
463;264;2025;ordinaria;Grupo 1;8.439
464;265;2025;ordinaria;Grupo 1;8.439
465;266;2025;ordinaria;Grupo 1;8.439
466;267;2025;ordinaria;Grupo 1;8.439
467;268;2025;ordinaria;Grupo 1;8.439
468;119;2025;ordinaria;Grupo 2;7.16
469;214;2025;ordinaria;Grupo 2;7.16
470;221;2025;ordinaria;Grupo 2;7.16
471;235;2025;ordinaria;Grupo 2;7.16
472;244;2025;ordinaria;Grupo 2;7.16
473;246;2025;ordinaria;Grupo 2;7.16
474;256;2025;ordinaria;Grupo 2;7.16
475;264;2025;ordinaria;Grupo 2;7.16
476;265;2025;ordinaria;Grupo 2;7.16
477;266;2025;ordinaria;Grupo 2;7.16
478;267;2025;ordinaria;Grupo 2;7.16
479;268;2025;ordinaria;Grupo 2;7.16
480;119;2025;ordinaria;Grupo 3;5.0
481;214;2025;ordinaria;Grupo 3;5.0
482;221;2025;ordinaria;Grupo 3;5.0
483;235;2025;ordinaria;Grupo 3;5.0
484;244;2025;ordinaria;Grupo 3;5.0
485;246;2025;ordinaria;Grupo 3;5.0
486;256;2025;ordinaria;Grupo 3;5.0
487;264;2025;ordinaria;Grupo 3;5.0
488;265;2025;ordinaria;Grupo 3;5.0
489;266;2025;ordinaria;Grupo 3;5.0
490;267;2025;ordinaria;Grupo 3;5.0
491;268;2025;ordinaria;Grupo 3;5.0
492;119;2025;ordinaria;Grupo 4;5.0
493;214;2025;ordinaria;Grupo 4;5.0
494;221;2025;ordinaria;Grupo 4;5.0
495;235;2025;ordinaria;Grupo 4;5.0
496;244;2025;ordinaria;Grupo 4;5.0
497;246;2025;ordinaria;Grupo 4;5.0
498;256;2025;ordinaria;Grupo 4;5.0
499;264;2025;ordinaria;Grupo 4;5.0
500;265;2025;ordinaria;Grupo 4;5.0
501;266;2025;ordinaria;Grupo 4;5.0
502;267;2025;ordinaria;Grupo 4;5.0
503;268;2025;ordinaria;Grupo 4;5.0
504;119;2025;ordinaria;Grupo 5;5.0
505;214;2025;ordinaria;Grupo 5;5.0
506;221;2025;ordinaria;Grupo 5;5.0
507;235;2025;ordinaria;Grupo 5;5.0
508;244;2025;ordinaria;Grupo 5;5.0
509;246;2025;ordinaria;Grupo 5;5.0
510;256;2025;ordinaria;Grupo 5;5.0
511;264;2025;ordinaria;Grupo 5;5.0
512;265;2025;ordinaria;Grupo 5;5.0
513;266;2025;ordinaria;Grupo 5;5.0
514;267;2025;ordinaria;Grupo 5;5.0
515;268;2025;ordinaria;Grupo 5;5.0
516;242;2025;ordinaria;Grupo 1;8.8
517;269;2025;ordinaria;Grupo 1;8.8
518;271;2025;ordinaria;Grupo 1;8.8
519;276;2025;ordinaria;Grupo 1;8.8
520;278;2025;ordinaria;Grupo 1;8.8
521;281;2025;ordinaria;Grupo 1;8.8
522;282;2025;ordinaria;Grupo 1;8.8
523;286;2025;ordinaria;Grupo 1;8.8
524;242;2025;ordinaria;Grupo 2;6.65
525;269;2025;ordinaria;Grupo 2;6.65
526;271;2025;ordinaria;Grupo 2;6.65
527;276;2025;ordinaria;Grupo 2;6.65
528;278;2025;ordinaria;Grupo 2;6.65
529;281;2025;ordinaria;Grupo 2;6.65
530;282;2025;ordinaria;Grupo 2;6.65
531;286;2025;ordinaria;Grupo 2;6.65
532;242;2025;ordinaria;Grupo 3;5.0
533;269;2025;ordinaria;Grupo 3;5.0
534;271;2025;ordinaria;Grupo 3;5.0
535;276;2025;ordinaria;Grupo 3;5.0
536;278;2025;ordinaria;Grupo 3;5.0
537;281;2025;ordinaria;Grupo 3;5.0
538;282;2025;ordinaria;Grupo 3;5.0
539;286;2025;ordinaria;Grupo 3;5.0
540;242;2025;ordinaria;Grupo 4;5.0
541;269;2025;ordinaria;Grupo 4;5.0
542;271;2025;ordinaria;Grupo 4;5.0
543;276;2025;ordinaria;Grupo 4;5.0
544;278;2025;ordinaria;Grupo 4;5.0
545;281;2025;ordinaria;Grupo 4;5.0
546;282;2025;ordinaria;Grupo 4;5.0
547;286;2025;ordinaria;Grupo 4;5.0
548;242;2025;ordinaria;Grupo 5;5.0
549;269;2025;ordinaria;Grupo 5;5.0
550;271;2025;ordinaria;Grupo 5;5.0
551;276;2025;ordinaria;Grupo 5;5.0
552;278;2025;ordinaria;Grupo 5;5.0
553;281;2025;ordinaria;Grupo 5;5.0
554;282;2025;ordinaria;Grupo 5;5.0
555;286;2025;ordinaria;Grupo 5;5.0
556;0;2025;ordinaria;Grupo 1;9.545
557;0;2025;ordinaria;Grupo 2;5.0
558;0;2025;ordinaria;Grupo 3;5.0
559;0;2025;ordinaria;Grupo 4;5.0
560;0;2025;ordinaria;Grupo 5;5.0
561;291;2025;ordinaria;Grupo 1;8.5
562;295;2025;ordinaria;Grupo 1;8.5
563;291;2025;ordinaria;Grupo 2;7.62
564;295;2025;ordinaria;Grupo 2;7.62
565;291;2025;ordinaria;Grupo 3;5.0
566;295;2025;ordinaria;Grupo 3;5.0
567;291;2025;ordinaria;Grupo 4;5.0
568;295;2025;ordinaria;Grupo 4;5.0
569;291;2025;ordinaria;Grupo 5;5.0
570;295;2025;ordinaria;Grupo 5;5.0
571;0;2025;ordinaria;Grupo 1;8.878
572;0;2025;ordinaria;Grupo 2;7.95
573;0;2025;ordinaria;Grupo 3;5.0
574;0;2025;ordinaria;Grupo 4;5.0
575;0;2025;ordinaria;Grupo 5;5.0
576;0;2025;ordinaria;Grupo 1;9.42
577;0;2025;ordinaria;Grupo 2;7.78
578;0;2025;ordinaria;Grupo 3;5.0
579;0;2025;ordinaria;Grupo 4;5.0
580;0;2025;ordinaria;Grupo 5;5.0
581;14;2025;ordinaria;Grupo 1;5.0
582;312;2025;ordinaria;Grupo 1;5.0
583;14;2025;ordinaria;Grupo 2;5.0
584;312;2025;ordinaria;Grupo 2;5.0
585;14;2025;ordinaria;Grupo 3;5.0
586;312;2025;ordinaria;Grupo 3;5.0
587;14;2025;ordinaria;Grupo 4;5.0
588;312;2025;ordinaria;Grupo 4;5.0
589;14;2025;ordinaria;Grupo 5;5.0
590;312;2025;ordinaria;Grupo 5;5.0
591;233;2025;ordinaria;Grupo 1;5.228
592;233;2025;ordinaria;Grupo 2;6.34
593;233;2025;ordinaria;Grupo 3;5.0
594;233;2025;ordinaria;Grupo 4;5.0
595;233;2025;ordinaria;Grupo 5;5.0
596;313;2025;ordinaria;Grupo 1;5.0
597;313;2025;ordinaria;Grupo 2;5.0
598;313;2025;ordinaria;Grupo 3;5.0
599;313;2025;ordinaria;Grupo 4;5.0
600;313;2025;ordinaria;Grupo 5;5.0
601;0;2025;ordinaria;Grupo 1;9.05
602;0;2025;ordinaria;Grupo 2;7.86
603;0;2025;ordinaria;Grupo 3;5.0
604;0;2025;ordinaria;Grupo 4;5.0
605;0;2025;ordinaria;Grupo 5;5.0
606;0;2025;ordinaria;Grupo 1;10.262
607;0;2025;ordinaria;Grupo 2;8.66
608;0;2025;ordinaria;Grupo 3;5.0
609;0;2025;ordinaria;Grupo 4;5.0
610;0;2025;ordinaria;Grupo 5;5.0
611;301;2025;ordinaria;Grupo 1;8.6
612;302;2025;ordinaria;Grupo 1;8.6
613;301;2025;ordinaria;Grupo 2;8.0
614;302;2025;ordinaria;Grupo 2;8.0
615;301;2025;ordinaria;Grupo 3;5.0
616;302;2025;ordinaria;Grupo 3;5.0
617;301;2025;ordinaria;Grupo 4;5.0
618;302;2025;ordinaria;Grupo 4;5.0
619;301;2025;ordinaria;Grupo 5;5.0
620;302;2025;ordinaria;Grupo 5;5.0
621;0;2025;ordinaria;Grupo 1;6.575
622;0;2025;ordinaria;Grupo 2;6.62
623;0;2025;ordinaria;Grupo 3;5.0
624;0;2025;ordinaria;Grupo 4;5.0
625;0;2025;ordinaria;Grupo 5;5.0
626;39;2025;ordinaria;Grupo 1;10.364
627;107;2025;ordinaria;Grupo 1;10.364
628;228;2025;ordinaria;Grupo 1;10.364
629;318;2025;ordinaria;Grupo 1;10.364
630;323;2025;ordinaria;Grupo 1;10.364
631;327;2025;ordinaria;Grupo 1;10.364
632;39;2025;ordinaria;Grupo 2;7.88
633;107;2025;ordinaria;Grupo 2;7.88
634;228;2025;ordinaria;Grupo 2;7.88
635;318;2025;ordinaria;Grupo 2;7.88
636;323;2025;ordinaria;Grupo 2;7.88
637;327;2025;ordinaria;Grupo 2;7.88
638;39;2025;ordinaria;Grupo 3;5.0
639;107;2025;ordinaria;Grupo 3;5.0
640;228;2025;ordinaria;Grupo 3;5.0
641;318;2025;ordinaria;Grupo 3;5.0
642;323;2025;ordinaria;Grupo 3;5.0
643;327;2025;ordinaria;Grupo 3;5.0
644;39;2025;ordinaria;Grupo 4;5.0
645;107;2025;ordinaria;Grupo 4;5.0
646;228;2025;ordinaria;Grupo 4;5.0
647;318;2025;ordinaria;Grupo 4;5.0
648;323;2025;ordinaria;Grupo 4;5.0
649;327;2025;ordinaria;Grupo 4;5.0
650;39;2025;ordinaria;Grupo 5;5.0
651;107;2025;ordinaria;Grupo 5;5.0
652;228;2025;ordinaria;Grupo 5;5.0
653;318;2025;ordinaria;Grupo 5;5.0
654;323;2025;ordinaria;Grupo 5;5.0
655;327;2025;ordinaria;Grupo 5;5.0
656;0;2025;ordinaria;Grupo 1;11.185
657;0;2025;ordinaria;Grupo 2;8.93
658;0;2025;ordinaria;Grupo 3;8.525
659;0;2025;ordinaria;Grupo 4;5.0
660;0;2025;ordinaria;Grupo 5;5.0
661;212;2025;ordinaria;Grupo 1;7.35
662;216;2025;ordinaria;Grupo 1;7.35
663;212;2025;ordinaria;Grupo 2;8.11
664;216;2025;ordinaria;Grupo 2;8.11
665;212;2025;ordinaria;Grupo 3;5.0
666;216;2025;ordinaria;Grupo 3;5.0
667;212;2025;ordinaria;Grupo 4;5.0
668;216;2025;ordinaria;Grupo 4;5.0
669;212;2025;ordinaria;Grupo 5;5.0
670;216;2025;ordinaria;Grupo 5;5.0
671;116;2025;ordinaria;Grupo 1;5.0
672;230;2025;ordinaria;Grupo 1;5.0
673;237;2025;ordinaria;Grupo 1;5.0
674;239;2025;ordinaria;Grupo 1;5.0
675;116;2025;ordinaria;Grupo 2;5.0
676;230;2025;ordinaria;Grupo 2;5.0
677;237;2025;ordinaria;Grupo 2;5.0
678;239;2025;ordinaria;Grupo 2;5.0
679;116;2025;ordinaria;Grupo 3;5.0
680;230;2025;ordinaria;Grupo 3;5.0
681;237;2025;ordinaria;Grupo 3;5.0
682;239;2025;ordinaria;Grupo 3;5.0
683;116;2025;ordinaria;Grupo 4;5.0
684;230;2025;ordinaria;Grupo 4;5.0
685;237;2025;ordinaria;Grupo 4;5.0
686;239;2025;ordinaria;Grupo 4;5.0
687;116;2025;ordinaria;Grupo 5;5.0
688;230;2025;ordinaria;Grupo 5;5.0
689;237;2025;ordinaria;Grupo 5;5.0
690;239;2025;ordinaria;Grupo 5;5.0
691;0;2025;ordinaria;Grupo 1;7.14
692;0;2025;ordinaria;Grupo 2;7.53
693;0;2025;ordinaria;Grupo 3;5.0
694;0;2025;ordinaria;Grupo 4;5.0
695;0;2025;ordinaria;Grupo 5;5.0
696;0;2025;ordinaria;Grupo 1;5.0
697;0;2025;ordinaria;Grupo 2;5.0
698;0;2025;ordinaria;Grupo 3;5.0
699;0;2025;ordinaria;Grupo 4;5.0
700;0;2025;ordinaria;Grupo 5;5.0
701;0;2025;ordinaria;Grupo 1;5.0
702;0;2025;ordinaria;Grupo 2;5.0
703;0;2025;ordinaria;Grupo 3;5.0
704;0;2025;ordinaria;Grupo 4;5.0
705;0;2025;ordinaria;Grupo 5;5.0
706;0;2025;ordinaria;Grupo 1;5.0
707;0;2025;ordinaria;Grupo 2;5.0
708;0;2025;ordinaria;Grupo 3;5.0
709;0;2025;ordinaria;Grupo 4;5.0
710;0;2025;ordinaria;Grupo 5;5.0
711;0;2025;ordinaria;Grupo 1;7.707
712;0;2025;ordinaria;Grupo 2;6.7
713;58;2025;ordinaria;Grupo 1;10.148
714;470;2025;ordinaria;Grupo 1;10.148
715;471;2025;ordinaria;Grupo 1;10.148
716;473;2025;ordinaria;Grupo 1;10.148
717;479;2025;ordinaria;Grupo 1;10.148
718;58;2025;ordinaria;Grupo 2;7.12
719;470;2025;ordinaria;Grupo 2;7.12
720;471;2025;ordinaria;Grupo 2;7.12
721;473;2025;ordinaria;Grupo 2;7.12
722;479;2025;ordinaria;Grupo 2;7.12
723;557;2025;ordinaria;Grupo 1;8.575
724;570;2025;ordinaria;Grupo 1;8.575
725;571;2025;ordinaria;Grupo 1;8.575
726;576;2025;ordinaria;Grupo 1;8.575
727;557;2025;ordinaria;Grupo 2;5.0
728;570;2025;ordinaria;Grupo 2;5.0
729;571;2025;ordinaria;Grupo 2;5.0
730;576;2025;ordinaria;Grupo 2;5.0
731;554;2025;ordinaria;Grupo 1;7.504
732;559;2025;ordinaria;Grupo 1;7.504
733;560;2025;ordinaria;Grupo 1;7.504
734;554;2025;ordinaria;Grupo 2;5.0
735;559;2025;ordinaria;Grupo 2;5.0
736;560;2025;ordinaria;Grupo 2;5.0
737;0;2025;ordinaria;Grupo 1;9.976
738;0;2025;ordinaria;Grupo 2;5.0
739;0;2025;ordinaria;Grupo 1;8.139
740;0;2025;ordinaria;Grupo 2;5.0
741;66;2025;ordinaria;Grupo 1;7.8
742;476;2025;ordinaria;Grupo 1;7.8
743;555;2025;ordinaria;Grupo 1;7.8
744;563;2025;ordinaria;Grupo 1;7.8
745;564;2025;ordinaria;Grupo 1;7.8
746;66;2025;ordinaria;Grupo 2;5.0
747;476;2025;ordinaria;Grupo 2;5.0
748;555;2025;ordinaria;Grupo 2;5.0
749;563;2025;ordinaria;Grupo 2;5.0
750;564;2025;ordinaria;Grupo 2;5.0
751;0;2025;ordinaria;Grupo 1;8.003
752;0;2025;ordinaria;Grupo 2;5.0
753;0;2025;ordinaria;Grupo 1;8.553
754;0;2025;ordinaria;Grupo 2;5.0
755;377;2025;ordinaria;Grupo 1;11.0
756;490;2025;ordinaria;Grupo 1;11.0
757;510;2025;ordinaria;Grupo 1;11.0
758;526;2025;ordinaria;Grupo 1;11.0
759;537;2025;ordinaria;Grupo 1;11.0
760;540;2025;ordinaria;Grupo 1;11.0
761;542;2025;ordinaria;Grupo 1;11.0
762;377;2025;ordinaria;Grupo 2;5.0
763;490;2025;ordinaria;Grupo 2;5.0
764;510;2025;ordinaria;Grupo 2;5.0
765;526;2025;ordinaria;Grupo 2;5.0
766;537;2025;ordinaria;Grupo 2;5.0
767;540;2025;ordinaria;Grupo 2;5.0
768;542;2025;ordinaria;Grupo 2;5.0
769;0;2025;ordinaria;Grupo 1;11.614
770;0;2025;ordinaria;Grupo 2;5.0
771;67;2025;ordinaria;Grupo 1;10.7
772;402;2025;ordinaria;Grupo 1;10.7
773;468;2025;ordinaria;Grupo 1;10.7
774;497;2025;ordinaria;Grupo 1;10.7
775;515;2025;ordinaria;Grupo 1;10.7
776;527;2025;ordinaria;Grupo 1;10.7
777;533;2025;ordinaria;Grupo 1;10.7
778;558;2025;ordinaria;Grupo 1;10.7
779;577;2025;ordinaria;Grupo 1;10.7
780;580;2025;ordinaria;Grupo 1;10.7
781;583;2025;ordinaria;Grupo 1;10.7
782;585;2025;ordinaria;Grupo 1;10.7
783;587;2025;ordinaria;Grupo 1;10.7
784;67;2025;ordinaria;Grupo 2;5.0
785;402;2025;ordinaria;Grupo 2;5.0
786;468;2025;ordinaria;Grupo 2;5.0
787;497;2025;ordinaria;Grupo 2;5.0
788;515;2025;ordinaria;Grupo 2;5.0
789;527;2025;ordinaria;Grupo 2;5.0
790;533;2025;ordinaria;Grupo 2;5.0
791;558;2025;ordinaria;Grupo 2;5.0
792;577;2025;ordinaria;Grupo 2;5.0
793;580;2025;ordinaria;Grupo 2;5.0
794;583;2025;ordinaria;Grupo 2;5.0
795;585;2025;ordinaria;Grupo 2;5.0
796;587;2025;ordinaria;Grupo 2;5.0
797;478;2025;ordinaria;Grupo 1;7.575
798;496;2025;ordinaria;Grupo 1;7.575
799;562;2025;ordinaria;Grupo 1;7.575
800;566;2025;ordinaria;Grupo 1;7.575
801;478;2025;ordinaria;Grupo 2;6.11
802;496;2025;ordinaria;Grupo 2;6.11
803;562;2025;ordinaria;Grupo 2;6.11
804;566;2025;ordinaria;Grupo 2;6.11
805;0;2025;ordinaria;Grupo 1;10.064
806;0;2025;ordinaria;Grupo 2;7.69
807;291;2025;ordinaria;Grupo 1;5.0
808;295;2025;ordinaria;Grupo 1;5.0
809;291;2025;ordinaria;Grupo 2;5.0
810;295;2025;ordinaria;Grupo 2;5.0
811;0;2025;ordinaria;Grupo 1;5.336
812;0;2025;ordinaria;Grupo 2;5.0
813;0;2025;ordinaria;Grupo 1;5.0
814;0;2025;ordinaria;Grupo 2;5.0
815;0;2025;ordinaria;Grupo 1;5.0
816;0;2025;ordinaria;Grupo 2;5.0
817;0;2025;ordinaria;Grupo 1;7.14
818;0;2025;ordinaria;Grupo 2;5.0
819;0;2025;ordinaria;Grupo 1;5.0
820;0;2025;ordinaria;Grupo 2;5.0
821;0;2025;ordinaria;Grupo 1;5.0
822;0;2025;ordinaria;Grupo 2;5.0
823;92;2025;ordinaria;Grupo 1;9.199
824;131;2025;ordinaria;Grupo 1;9.199
825;192;2025;ordinaria;Grupo 1;9.199
826;296;2025;ordinaria;Grupo 1;9.199
827;353;2025;ordinaria;Grupo 1;9.199
828;439;2025;ordinaria;Grupo 1;9.199
829;444;2025;ordinaria;Grupo 1;9.199
830;456;2025;ordinaria;Grupo 1;9.199
831;457;2025;ordinaria;Grupo 1;9.199
832;458;2025;ordinaria;Grupo 1;9.199
833;459;2025;ordinaria;Grupo 1;9.199
834;460;2025;ordinaria;Grupo 1;9.199
835;92;2025;ordinaria;Grupo 2;6.74
836;131;2025;ordinaria;Grupo 2;6.74
837;192;2025;ordinaria;Grupo 2;6.74
838;296;2025;ordinaria;Grupo 2;6.74
839;353;2025;ordinaria;Grupo 2;6.74
840;439;2025;ordinaria;Grupo 2;6.74
841;444;2025;ordinaria;Grupo 2;6.74
842;456;2025;ordinaria;Grupo 2;6.74
843;457;2025;ordinaria;Grupo 2;6.74
844;458;2025;ordinaria;Grupo 2;6.74
845;459;2025;ordinaria;Grupo 2;6.74
846;460;2025;ordinaria;Grupo 2;6.74
847;83;2025;ordinaria;Grupo 1;5.0
848;94;2025;ordinaria;Grupo 1;5.0
849;83;2025;ordinaria;Grupo 2;5.0
850;94;2025;ordinaria;Grupo 2;5.0
851;85;2025;ordinaria;Grupo 1;5.0
852;85;2025;ordinaria;Grupo 2;5.0
853;0;2025;ordinaria;Grupo 1;5.0
854;0;2025;ordinaria;Grupo 2;5.0
855;0;2025;ordinaria;Grupo 1;5.0
856;0;2025;ordinaria;Grupo 2;5.0
857;0;2025;ordinaria;Grupo 1;5.0
858;0;2025;ordinaria;Grupo 2;5.0
859;84;2025;ordinaria;Grupo 1;5.0
860;84;2025;ordinaria;Grupo 2;5.0
861;79;2025;ordinaria;Grupo 1;5.0
862;86;2025;ordinaria;Grupo 1;5.0
863;103;2025;ordinaria;Grupo 1;5.0
864;137;2025;ordinaria;Grupo 1;5.0
865;79;2025;ordinaria;Grupo 2;5.0
866;86;2025;ordinaria;Grupo 2;5.0
867;103;2025;ordinaria;Grupo 2;5.0
868;137;2025;ordinaria;Grupo 2;5.0
869;5;2025;ordinaria;Grupo 1;5.0
870;43;2025;ordinaria;Grupo 1;5.0
871;82;2025;ordinaria;Grupo 1;5.0
872;89;2025;ordinaria;Grupo 1;5.0
873;90;2025;ordinaria;Grupo 1;5.0
874;5;2025;ordinaria;Grupo 2;5.0
875;43;2025;ordinaria;Grupo 2;5.0
876;82;2025;ordinaria;Grupo 2;5.0
877;89;2025;ordinaria;Grupo 2;5.0
878;90;2025;ordinaria;Grupo 2;5.0
879;11;2025;ordinaria;Grupo 1;5.0
880;44;2025;ordinaria;Grupo 1;5.0
881;95;2025;ordinaria;Grupo 1;5.0
882;100;2025;ordinaria;Grupo 1;5.0
883;104;2025;ordinaria;Grupo 1;5.0
884;109;2025;ordinaria;Grupo 1;5.0
885;11;2025;ordinaria;Grupo 2;5.0
886;44;2025;ordinaria;Grupo 2;5.0
887;95;2025;ordinaria;Grupo 2;5.0
888;100;2025;ordinaria;Grupo 2;5.0
889;104;2025;ordinaria;Grupo 2;5.0
890;109;2025;ordinaria;Grupo 2;5.0
891;12;2025;ordinaria;Grupo 1;5.0
892;96;2025;ordinaria;Grupo 1;5.0
893;98;2025;ordinaria;Grupo 1;5.0
894;105;2025;ordinaria;Grupo 1;5.0
895;12;2025;ordinaria;Grupo 2;5.0
896;96;2025;ordinaria;Grupo 2;5.0
897;98;2025;ordinaria;Grupo 2;5.0
898;105;2025;ordinaria;Grupo 2;5.0
899;0;2025;ordinaria;Grupo 1;5.0
900;0;2025;ordinaria;Grupo 2;5.0
901;0;2025;ordinaria;Grupo 1;5.0
902;0;2025;ordinaria;Grupo 2;5.0
903;0;2025;ordinaria;Grupo 1;5.0
904;0;2025;ordinaria;Grupo 2;5.0
905;0;2025;ordinaria;Grupo 1;5.0
906;0;2025;ordinaria;Grupo 2;5.0
907;0;2025;ordinaria;Grupo 1;5.0
908;0;2025;ordinaria;Grupo 2;5.0
909;0;2025;ordinaria;Grupo 1;6.7
910;0;2025;ordinaria;Grupo 2;5.0
911;0;2025;ordinaria;Grupo 1;6.58
912;0;2025;ordinaria;Grupo 2;8.1
913;0;2025;ordinaria;Grupo 1;10.928
914;0;2025;ordinaria;Grupo 2;5.0
915;0;2025;ordinaria;Grupo 1;8.911
916;0;2025;ordinaria;Grupo 2;7.25
917;0;2025;ordinaria;Grupo 1;10.336
918;0;2025;ordinaria;Grupo 2;5.0
919;0;2025;ordinaria;Grupo 1;12.264
920;0;2025;ordinaria;Grupo 2;8.49
921;0;2025;ordinaria;Grupo 1;5.0
922;0;2025;ordinaria;Grupo 2;5.0
923;0;2025;ordinaria;Grupo 1;12.964
924;0;2025;ordinaria;Grupo 2;5.0
925;0;2025;ordinaria;Grupo 1;5.0
926;0;2025;ordinaria;Grupo 2;5.0
927;0;2025;ordinaria;Grupo 1;12.513
928;0;2025;ordinaria;Grupo 2;8.56
929;0;2025;ordinaria;Grupo 1;13.136
930;0;2025;ordinaria;Grupo 2;8.82
931;0;2025;ordinaria;Grupo 1;10.278
932;0;2025;ordinaria;Grupo 2;8.01
933;0;2025;ordinaria;Grupo 1;10.87
934;0;2025;ordinaria;Grupo 2;8.58
935;0;2025;ordinaria;Grupo 1;5.79
936;0;2025;ordinaria;Grupo 2;5.0
937;0;2025;ordinaria;Grupo 1;5.0
938;0;2025;ordinaria;Grupo 2;5.0
939;291;2025;ordinaria;Grupo 1;5.0
940;295;2025;ordinaria;Grupo 1;5.0
941;291;2025;ordinaria;Grupo 2;5.0
942;295;2025;ordinaria;Grupo 2;5.0
943;130;2025;ordinaria;Grupo 1;5.0
944;188;2025;ordinaria;Grupo 1;5.0
945;199;2025;ordinaria;Grupo 1;5.0
946;348;2025;ordinaria;Grupo 1;5.0
947;422;2025;ordinaria;Grupo 1;5.0
948;427;2025;ordinaria;Grupo 1;5.0
949;431;2025;ordinaria;Grupo 1;5.0
950;436;2025;ordinaria;Grupo 1;5.0
951;440;2025;ordinaria;Grupo 1;5.0
952;130;2025;ordinaria;Grupo 2;5.0
953;188;2025;ordinaria;Grupo 2;5.0
954;199;2025;ordinaria;Grupo 2;5.0
955;348;2025;ordinaria;Grupo 2;5.0
956;422;2025;ordinaria;Grupo 2;5.0
957;427;2025;ordinaria;Grupo 2;5.0
958;431;2025;ordinaria;Grupo 2;5.0
959;436;2025;ordinaria;Grupo 2;5.0
960;440;2025;ordinaria;Grupo 2;5.0
961;0;2025;ordinaria;Grupo 1;5.0
962;0;2025;ordinaria;Grupo 2;5.0
963;0;2025;ordinaria;Grupo 1;5.0
964;0;2025;ordinaria;Grupo 2;5.0
965;0;2025;ordinaria;Grupo 1;7.203
966;0;2025;ordinaria;Grupo 2;8.59
967;429;2025;ordinaria;Grupo 1;5.0
968;447;2025;ordinaria;Grupo 1;5.0
969;429;2025;ordinaria;Grupo 2;5.0
970;447;2025;ordinaria;Grupo 2;5.0
971;0;2025;ordinaria;Grupo 1;5.0
972;0;2025;ordinaria;Grupo 2;5.0
973;0;2025;ordinaria;Grupo 1;11.556
974;0;2025;ordinaria;Grupo 2;7.56
975;0;2025;ordinaria;Grupo 1;13.3
976;0;2025;ordinaria;Grupo 2;7.43
977;0;2025;ordinaria;Grupo 1;12.843
978;0;2025;ordinaria;Grupo 2;9.31
979;0;2025;ordinaria;Grupo 1;10.253
980;0;2025;ordinaria;Grupo 2;5.0
981;0;2025;ordinaria;Grupo 1;9.764
982;0;2025;ordinaria;Grupo 2;5.0
983;0;2025;ordinaria;Grupo 1;11.175
984;0;2025;ordinaria;Grupo 2;5.0
985;0;2025;ordinaria;Grupo 1;10.115
986;0;2025;ordinaria;Grupo 2;5.0
987;0;2025;ordinaria;Grupo 1;10.967
988;0;2025;ordinaria;Grupo 2;5.0
989;0;2025;ordinaria;Grupo 1;10.636
990;0;2025;ordinaria;Grupo 2;5.0
991;0;2025;ordinaria;Grupo 1;10.713
992;0;2025;ordinaria;Grupo 2;5.0
993;0;2025;ordinaria;Grupo 1;11.966
994;0;2025;ordinaria;Grupo 2;5.0
995;0;2025;ordinaria;Grupo 1;13.225
996;0;2025;ordinaria;Grupo 2;7.38
997;0;2025;ordinaria;Grupo 1;10.978
998;0;2025;ordinaria;Grupo 2;5.0
999;0;2025;ordinaria;Grupo 1;10.364
1000;0;2025;ordinaria;Grupo 2;5.0
1001;0;2025;ordinaria;Grupo 1;11.664
1002;0;2025;ordinaria;Grupo 2;5.0
1003;0;2025;ordinaria;Grupo 1;11.489
1004;0;2025;ordinaria;Grupo 2;8.63
1005;0;2025;ordinaria;Grupo 1;11.775
1006;0;2025;ordinaria;Grupo 2;8.05
1007;0;2025;ordinaria;Grupo 1;10.448
1008;0;2025;ordinaria;Grupo 2;7.04
1009;0;2025;ordinaria;Grupo 1;12.024
1010;0;2025;ordinaria;Grupo 2;6.89
1011;0;2025;ordinaria;Grupo 1;12.224
1012;0;2025;ordinaria;Grupo 2;8.41
1013;0;2025;ordinaria;Grupo 1;12.825
1014;0;2025;ordinaria;Grupo 2;5.0
1015;0;2025;ordinaria;Grupo 1;12.889
1016;0;2025;ordinaria;Grupo 2;5.0
1017;0;2025;ordinaria;Grupo 1;13.414
1018;0;2025;ordinaria;Grupo 2;5.0
1019;0;2025;ordinaria;Grupo 1;9.041
1020;0;2025;ordinaria;Grupo 2;7.4
1021;0;2025;ordinaria;Grupo 1;12.124
1022;0;2025;ordinaria;Grupo 2;5.0
1023;0;2025;ordinaria;Grupo 1;12.6
1024;0;2025;ordinaria;Grupo 2;8.11
1025;0;2025;ordinaria;Grupo 1;11.25
1026;0;2025;ordinaria;Grupo 2;7.94
1027;0;2025;ordinaria;Grupo 1;11.178
1028;0;2025;ordinaria;Grupo 2;7.37
1029;0;2025;ordinaria;Grupo 1;12.239
1030;0;2025;ordinaria;Grupo 2;6.55
1031;0;2025;ordinaria;Grupo 1;13.119
1032;0;2025;ordinaria;Grupo 2;5.0
1033;0;2025;ordinaria;Grupo 1;12.475
1034;0;2025;ordinaria;Grupo 2;7.43
1035;0;2025;ordinaria;Grupo 1;13.175
1036;0;2025;ordinaria;Grupo 2;8.44
1037;0;2025;ordinaria;Grupo 1;12.83
1038;0;2025;ordinaria;Grupo 2;5.0
1039;0;2025;ordinaria;Grupo 1;13.464
1040;0;2025;ordinaria;Grupo 2;6.35
1041;0;2025;ordinaria;Grupo 1;11.386
1042;0;2025;ordinaria;Grupo 2;5.0
1043;0;2025;ordinaria;Grupo 1;12.053
1044;0;2025;ordinaria;Grupo 2;5.0
1045;0;2025;ordinaria;Grupo 1;10.939
1046;0;2025;ordinaria;Grupo 2;7.58
1047;0;2025;ordinaria;Grupo 1;7.816
1048;0;2025;ordinaria;Grupo 2;9.07
1049;0;2025;ordinaria;Grupo 1;13.089
1050;0;2025;ordinaria;Grupo 2;8.6
1051;0;2025;ordinaria;Grupo 1;10.467
1052;0;2025;ordinaria;Grupo 2;6.51
1053;0;2025;ordinaria;Grupo 1;12.728
1054;0;2025;ordinaria;Grupo 2;8.23
1055;0;2025;ordinaria;Grupo 1;11.899
1056;0;2025;ordinaria;Grupo 2;8.98
1057;0;2025;ordinaria;Grupo 1;12.139
1058;0;2025;ordinaria;Grupo 2;8.35
1059;0;2025;ordinaria;Grupo 1;7.637
1060;0;2025;ordinaria;Grupo 2;6.97
1061;0;2025;ordinaria;Grupo 1;11.091
1062;0;2025;ordinaria;Grupo 2;7.73
1063;502;2025;ordinaria;Grupo 1;11.478
1064;502;2025;ordinaria;Grupo 2;7.15
1065;0;2025;ordinaria;Grupo 1;12.484
1066;0;2025;ordinaria;Grupo 2;7.59
1067;0;2025;ordinaria;Grupo 1;13.411
1068;0;2025;ordinaria;Grupo 2;7.44
1069;387;2025;ordinaria;Grupo 1;8.173
1070;387;2025;ordinaria;Grupo 2;6.88
1071;0;2025;ordinaria;Grupo 1;10.814
1072;0;2025;ordinaria;Grupo 2;5.0
1073;388;2025;ordinaria;Grupo 1;5.75
1074;388;2025;ordinaria;Grupo 2;6.88
1075;389;2025;ordinaria;Grupo 1;7.015
1076;389;2025;ordinaria;Grupo 2;7.13
1077;62;2025;ordinaria;Grupo 1;12.553
1078;132;2025;ordinaria;Grupo 1;12.553
1079;359;2025;ordinaria;Grupo 1;12.553
1080;390;2025;ordinaria;Grupo 1;12.553
1081;486;2025;ordinaria;Grupo 1;12.553
1082;511;2025;ordinaria;Grupo 1;12.553
1083;513;2025;ordinaria;Grupo 1;12.553
1084;516;2025;ordinaria;Grupo 1;12.553
1085;517;2025;ordinaria;Grupo 1;12.553
1086;518;2025;ordinaria;Grupo 1;12.553
1087;62;2025;ordinaria;Grupo 2;8.89
1088;132;2025;ordinaria;Grupo 2;8.89
1089;359;2025;ordinaria;Grupo 2;8.89
1090;390;2025;ordinaria;Grupo 2;8.89
1091;486;2025;ordinaria;Grupo 2;8.89
1092;511;2025;ordinaria;Grupo 2;8.89
1093;513;2025;ordinaria;Grupo 2;8.89
1094;516;2025;ordinaria;Grupo 2;8.89
1095;517;2025;ordinaria;Grupo 2;8.89
1096;518;2025;ordinaria;Grupo 2;8.89
1097;0;2025;ordinaria;Grupo 1;13.15
1098;0;2025;ordinaria;Grupo 2;8.45
1099;0;2025;ordinaria;Grupo 1;10.053
1100;0;2025;ordinaria;Grupo 2;5.0
1101;0;2025;ordinaria;Grupo 1;9.675
1102;0;2025;ordinaria;Grupo 2;6.33
1103;0;2025;ordinaria;Grupo 1;11.961
1104;0;2025;ordinaria;Grupo 2;6.4
1105;557;2025;ordinaria;Grupo 1;9.311
1106;570;2025;ordinaria;Grupo 1;9.311
1107;571;2025;ordinaria;Grupo 1;9.311
1108;576;2025;ordinaria;Grupo 1;9.311
1109;557;2025;ordinaria;Grupo 2;5.0
1110;570;2025;ordinaria;Grupo 2;5.0
1111;571;2025;ordinaria;Grupo 2;5.0
1112;576;2025;ordinaria;Grupo 2;5.0
1113;378;2025;ordinaria;Grupo 1;11.039
1114;491;2025;ordinaria;Grupo 1;11.039
1115;538;2025;ordinaria;Grupo 1;11.039
1116;544;2025;ordinaria;Grupo 1;11.039
1117;378;2025;ordinaria;Grupo 2;5.0
1118;491;2025;ordinaria;Grupo 2;5.0
1119;538;2025;ordinaria;Grupo 2;5.0
1120;544;2025;ordinaria;Grupo 2;5.0
1121;61;2025;ordinaria;Grupo 1;7.31
1122;397;2025;ordinaria;Grupo 1;7.31
1123;474;2025;ordinaria;Grupo 1;7.31
1124;485;2025;ordinaria;Grupo 1;7.31
1125;500;2025;ordinaria;Grupo 1;7.31
1126;501;2025;ordinaria;Grupo 1;7.31
1127;61;2025;ordinaria;Grupo 2;5.0
1128;397;2025;ordinaria;Grupo 2;5.0
1129;474;2025;ordinaria;Grupo 2;5.0
1130;485;2025;ordinaria;Grupo 2;5.0
1131;500;2025;ordinaria;Grupo 2;5.0
1132;501;2025;ordinaria;Grupo 2;5.0
1133;522;2025;ordinaria;Grupo 1;9.561
1134;552;2025;ordinaria;Grupo 1;9.561
1135;553;2025;ordinaria;Grupo 1;9.561
1136;522;2025;ordinaria;Grupo 2;5.0
1137;552;2025;ordinaria;Grupo 2;5.0
1138;553;2025;ordinaria;Grupo 2;5.0
1139;0;2025;ordinaria;Grupo 1;10.728
1140;0;2025;ordinaria;Grupo 2;5.0
1141;0;2025;ordinaria;Grupo 1;10.388
1142;0;2025;ordinaria;Grupo 2;7.24
1143;0;2025;ordinaria;Grupo 1;8.739
1144;0;2025;ordinaria;Grupo 2;5.0
1145;0;2025;ordinaria;Grupo 1;12.636
1146;0;2025;ordinaria;Grupo 2;5.0
1147;0;2025;ordinaria;Grupo 1;9.186
1148;0;2025;ordinaria;Grupo 2;7.4
1149;494;2025;ordinaria;Grupo 1;8.066
1150;561;2025;ordinaria;Grupo 1;8.066
1151;494;2025;ordinaria;Grupo 2;6.99
1152;561;2025;ordinaria;Grupo 2;6.99
1153;477;2025;ordinaria;Grupo 1;9.408
1154;495;2025;ordinaria;Grupo 1;9.408
1155;514;2025;ordinaria;Grupo 1;9.408
1156;532;2025;ordinaria;Grupo 1;9.408
1157;543;2025;ordinaria;Grupo 1;9.408
1158;556;2025;ordinaria;Grupo 1;9.408
1159;565;2025;ordinaria;Grupo 1;9.408
1160;477;2025;ordinaria;Grupo 2;5.0
1161;495;2025;ordinaria;Grupo 2;5.0
1162;514;2025;ordinaria;Grupo 2;5.0
1163;532;2025;ordinaria;Grupo 2;5.0
1164;543;2025;ordinaria;Grupo 2;5.0
1165;556;2025;ordinaria;Grupo 2;5.0
1166;565;2025;ordinaria;Grupo 2;5.0
1167;0;2025;ordinaria;Grupo 1;11.686
1168;0;2025;ordinaria;Grupo 2;5.0
1169;0;2025;ordinaria;Grupo 1;5.744
1170;0;2025;ordinaria;Grupo 2;6.09
1171;574;2025;ordinaria;Grupo 1;10.036
1172;584;2025;ordinaria;Grupo 1;10.036
1173;574;2025;ordinaria;Grupo 2;5.0
1174;584;2025;ordinaria;Grupo 2;5.0
1175;0;2025;ordinaria;Grupo 1;11.533
1176;0;2025;ordinaria;Grupo 2;5.0
1177;487;2025;ordinaria;Grupo 1;10.45
1178;529;2025;ordinaria;Grupo 1;10.45
1179;534;2025;ordinaria;Grupo 1;10.45
1180;487;2025;ordinaria;Grupo 2;7.01
1181;529;2025;ordinaria;Grupo 2;7.01
1182;534;2025;ordinaria;Grupo 2;7.01
1183;554;2025;ordinaria;Grupo 1;8.361
1184;559;2025;ordinaria;Grupo 1;8.361
1185;560;2025;ordinaria;Grupo 1;8.361
1186;554;2025;ordinaria;Grupo 2;8.14
1187;559;2025;ordinaria;Grupo 2;8.14
1188;560;2025;ordinaria;Grupo 2;8.14
1189;0;2025;ordinaria;Grupo 1;10.67
1190;0;2025;ordinaria;Grupo 2;7.48
1191;398;2025;ordinaria;Grupo 1;12.461
1192;523;2025;ordinaria;Grupo 1;12.461
1193;528;2025;ordinaria;Grupo 1;12.461
1194;398;2025;ordinaria;Grupo 2;8.2
1195;523;2025;ordinaria;Grupo 2;8.2
1196;528;2025;ordinaria;Grupo 2;8.2
1197;0;2025;ordinaria;Grupo 1;8.728
1198;0;2025;ordinaria;Grupo 2;5.0
1199;0;2025;ordinaria;Grupo 1;8.39
1200;0;2025;ordinaria;Grupo 2;7.02
1201;503;2025;ordinaria;Grupo 1;12.363
1202;503;2025;ordinaria;Grupo 2;7.5
1203;0;2025;ordinaria;Grupo 1;6.464
1204;0;2025;ordinaria;Grupo 2;5.0
1205;377;2025;ordinaria;Grupo 1;12.114
1206;490;2025;ordinaria;Grupo 1;12.114
1207;510;2025;ordinaria;Grupo 1;12.114
1208;526;2025;ordinaria;Grupo 1;12.114
1209;537;2025;ordinaria;Grupo 1;12.114
1210;540;2025;ordinaria;Grupo 1;12.114
1211;542;2025;ordinaria;Grupo 1;12.114
1212;377;2025;ordinaria;Grupo 2;5.0
1213;490;2025;ordinaria;Grupo 2;5.0
1214;510;2025;ordinaria;Grupo 2;5.0
1215;526;2025;ordinaria;Grupo 2;5.0
1216;537;2025;ordinaria;Grupo 2;5.0
1217;540;2025;ordinaria;Grupo 2;5.0
1218;542;2025;ordinaria;Grupo 2;5.0
1219;504;2025;ordinaria;Grupo 1;5.404
1220;504;2025;ordinaria;Grupo 2;6.87
1221;499;2025;ordinaria;Grupo 1;6.686
1222;499;2025;ordinaria;Grupo 2;6.4
1223;0;2025;ordinaria;Grupo 1;13.525
1224;0;2025;ordinaria;Grupo 2;7.42
1225;67;2025;ordinaria;Grupo 1;10.175
1226;402;2025;ordinaria;Grupo 1;10.175
1227;468;2025;ordinaria;Grupo 1;10.175
1228;497;2025;ordinaria;Grupo 1;10.175
1229;515;2025;ordinaria;Grupo 1;10.175
1230;527;2025;ordinaria;Grupo 1;10.175
1231;533;2025;ordinaria;Grupo 1;10.175
1232;558;2025;ordinaria;Grupo 1;10.175
1233;577;2025;ordinaria;Grupo 1;10.175
1234;580;2025;ordinaria;Grupo 1;10.175
1235;583;2025;ordinaria;Grupo 1;10.175
1236;585;2025;ordinaria;Grupo 1;10.175
1237;587;2025;ordinaria;Grupo 1;10.175
1238;67;2025;ordinaria;Grupo 2;5.0
1239;402;2025;ordinaria;Grupo 2;5.0
1240;468;2025;ordinaria;Grupo 2;5.0
1241;497;2025;ordinaria;Grupo 2;5.0
1242;515;2025;ordinaria;Grupo 2;5.0
1243;527;2025;ordinaria;Grupo 2;5.0
1244;533;2025;ordinaria;Grupo 2;5.0
1245;558;2025;ordinaria;Grupo 2;5.0
1246;577;2025;ordinaria;Grupo 2;5.0
1247;580;2025;ordinaria;Grupo 2;5.0
1248;583;2025;ordinaria;Grupo 2;5.0
1249;585;2025;ordinaria;Grupo 2;5.0
1250;587;2025;ordinaria;Grupo 2;5.0
1251;0;2025;ordinaria;Grupo 1;11.425
1252;0;2025;ordinaria;Grupo 2;5.0
1253;376;2025;ordinaria;Grupo 1;11.867
1254;400;2025;ordinaria;Grupo 1;11.867
1255;464;2025;ordinaria;Grupo 1;11.867
1256;489;2025;ordinaria;Grupo 1;11.867
1257;525;2025;ordinaria;Grupo 1;11.867
1258;536;2025;ordinaria;Grupo 1;11.867
1259;541;2025;ordinaria;Grupo 1;11.867
1260;376;2025;ordinaria;Grupo 2;7.84
1261;400;2025;ordinaria;Grupo 2;7.84
1262;464;2025;ordinaria;Grupo 2;7.84
1263;489;2025;ordinaria;Grupo 2;7.84
1264;525;2025;ordinaria;Grupo 2;7.84
1265;536;2025;ordinaria;Grupo 2;7.84
1266;541;2025;ordinaria;Grupo 2;7.84
1267;0;2025;ordinaria;Grupo 1;11.978
1268;0;2025;ordinaria;Grupo 2;7.16
1269;0;2025;ordinaria;Grupo 1;11.707
1270;0;2025;ordinaria;Grupo 2;7.47
1271;0;2025;ordinaria;Grupo 1;10.883
1272;0;2025;ordinaria;Grupo 2;5.0
1273;478;2025;ordinaria;Grupo 1;8.54
1274;496;2025;ordinaria;Grupo 1;8.54
1275;562;2025;ordinaria;Grupo 1;8.54
1276;566;2025;ordinaria;Grupo 1;8.54
1277;478;2025;ordinaria;Grupo 2;6.53
1278;496;2025;ordinaria;Grupo 2;6.53
1279;562;2025;ordinaria;Grupo 2;6.53
1280;566;2025;ordinaria;Grupo 2;6.53
1281;0;2025;ordinaria;Grupo 1;11.128
1282;0;2025;ordinaria;Grupo 2;9.39
1283;588;2025;ordinaria;Grupo 1;11.507
1284;588;2025;ordinaria;Grupo 2;5.0
1285;0;2025;ordinaria;Grupo 1;9.08
1286;0;2025;ordinaria;Grupo 2;5.0
1287;573;2025;ordinaria;Grupo 1;8.19
1288;586;2025;ordinaria;Grupo 1;8.19
1289;573;2025;ordinaria;Grupo 2;6.4
1290;586;2025;ordinaria;Grupo 2;6.4
1291;0;2025;ordinaria;Grupo 1;10.403
1292;0;2025;ordinaria;Grupo 2;5.0
1293;0;2025;ordinaria;Grupo 1;9.489
1294;0;2025;ordinaria;Grupo 2;7.11
1295;0;2025;ordinaria;Grupo 1;9.404
1296;0;2025;ordinaria;Grupo 2;6.32
1297;0;2025;ordinaria;Grupo 1;10.428
1298;0;2025;ordinaria;Grupo 2;8.22
1299;0;2025;ordinaria;Grupo 1;12.114
1300;0;2025;ordinaria;Grupo 2;9.07
1301;0;2025;ordinaria;Grupo 1;7.848
1302;0;2025;ordinaria;Grupo 2;5.0
1303;0;2025;ordinaria;Grupo 1;12.339
1304;0;2025;ordinaria;Grupo 2;9.38
1305;0;2025;ordinaria;Grupo 1;12.139
1306;0;2025;ordinaria;Grupo 2;9.27
1307;0;2025;ordinaria;Grupo 1;9.186
1308;0;2025;ordinaria;Grupo 2;5.0
1309;0;2025;ordinaria;Grupo 1;10.803
1310;0;2025;ordinaria;Grupo 2;7.43
1311;0;2025;ordinaria;Grupo 1;10.04
1312;0;2025;ordinaria;Grupo 2;5.0
1313;0;2025;ordinaria;Grupo 1;9.525
1314;0;2025;ordinaria;Grupo 2;5.0
1315;0;2025;ordinaria;Grupo 1;9.814
1316;0;2025;ordinaria;Grupo 2;5.0
1317;0;2025;ordinaria;Grupo 1;8.714
1318;0;2025;ordinaria;Grupo 2;5.0
1319;0;2025;ordinaria;Grupo 1;8.925
1320;0;2025;ordinaria;Grupo 2;7.77
1321;0;2025;ordinaria;Grupo 1;8.838
1322;0;2025;ordinaria;Grupo 2;6.97
1323;0;2025;ordinaria;Grupo 1;8.45
1324;0;2025;ordinaria;Grupo 2;6.32
1325;0;2025;ordinaria;Grupo 1;8.14
1326;0;2025;ordinaria;Grupo 2;8.22
1327;0;2025;ordinaria;Grupo 1;7.441
1328;0;2025;ordinaria;Grupo 2;5.0
1329;0;2025;ordinaria;Grupo 1;7.427
1330;0;2025;ordinaria;Grupo 2;6.22
1331;0;2025;ordinaria;Grupo 1;8.08
1332;0;2025;ordinaria;Grupo 2;5.0
1333;0;2025;ordinaria;Grupo 1;7.2
1334;0;2025;ordinaria;Grupo 2;8.44
1335;0;2025;ordinaria;Grupo 1;10.625
1336;0;2025;ordinaria;Grupo 2;8.55
1337;0;2025;ordinaria;Grupo 1;8.56
1338;0;2025;ordinaria;Grupo 2;7.03
1339;0;2025;ordinaria;Grupo 1;9.115
1340;0;2025;ordinaria;Grupo 2;7.4
1341;0;2025;ordinaria;Grupo 1;9.138
1342;0;2025;ordinaria;Grupo 2;5.0
1343;0;2025;ordinaria;Grupo 1;8.3
1344;0;2025;ordinaria;Grupo 2;6.65
1345;0;2025;ordinaria;Grupo 1;8.288
1346;0;2025;ordinaria;Grupo 2;5.0
1347;0;2025;ordinaria;Grupo 1;7.92
1348;0;2025;ordinaria;Grupo 2;7.77
1349;0;2025;ordinaria;Grupo 1;9.039
1350;0;2025;ordinaria;Grupo 2;5.0
1351;0;2025;ordinaria;Grupo 1;10.087
1352;0;2025;ordinaria;Grupo 2;8.6
1353;0;2025;ordinaria;Grupo 1;10.461
1354;0;2025;ordinaria;Grupo 2;8.0
1355;0;2025;ordinaria;Grupo 1;9.166
1356;0;2025;ordinaria;Grupo 2;7.9
1357;0;2025;ordinaria;Grupo 1;8.889
1358;0;2025;ordinaria;Grupo 2;8.44
1359;0;2025;ordinaria;Grupo 1;8.723
1360;0;2025;ordinaria;Grupo 2;8.59
1361;0;2025;ordinaria;Grupo 1;8.111
1362;0;2025;ordinaria;Grupo 2;9.09
1363;0;2025;ordinaria;Grupo 1;9.903
1364;0;2025;ordinaria;Grupo 2;5.0
1365;0;2025;ordinaria;Grupo 1;9.078
1366;0;2025;ordinaria;Grupo 2;5.0
1367;0;2025;ordinaria;Grupo 1;6.989
1368;0;2025;ordinaria;Grupo 2;5.0
1369;0;2025;ordinaria;Grupo 1;8.365
1370;0;2025;ordinaria;Grupo 2;7.61
1371;0;2025;ordinaria;Grupo 1;8.475
1372;0;2025;ordinaria;Grupo 2;6.18
1373;0;2025;ordinaria;Grupo 1;8.805
1374;0;2025;ordinaria;Grupo 2;5.0
1375;0;2025;ordinaria;Grupo 1;9.564
1376;0;2025;ordinaria;Grupo 2;5.0
1377;0;2025;ordinaria;Grupo 1;9.14
1378;0;2025;ordinaria;Grupo 2;7.84
1379;0;2025;ordinaria;Grupo 1;5.0
1380;0;2025;ordinaria;Grupo 2;5.0
1381;0;2025;ordinaria;Grupo 1;8.91
1382;0;2025;ordinaria;Grupo 2;7.7
1383;0;2025;ordinaria;Grupo 1;8.67
1384;0;2025;ordinaria;Grupo 2;9.53
1385;0;2025;ordinaria;Grupo 1;9.564
1386;0;2025;ordinaria;Grupo 2;8.51
1387;0;2025;ordinaria;Grupo 1;9.75
1388;0;2025;ordinaria;Grupo 2;8.62
1389;0;2025;ordinaria;Grupo 1;8.524
1390;0;2025;ordinaria;Grupo 2;8.48
1391;0;2025;ordinaria;Grupo 1;9.014
1392;0;2025;ordinaria;Grupo 2;9.48
1393;0;2025;ordinaria;Grupo 1;5.0
1394;0;2025;ordinaria;Grupo 2;5.0
1395;0;2025;ordinaria;Grupo 1;7.303
1396;0;2025;ordinaria;Grupo 2;6.14
1397;0;2025;ordinaria;Grupo 1;5.0
1398;0;2025;ordinaria;Grupo 2;5.0
1399;0;2025;ordinaria;Grupo 1;5.0
1400;0;2025;ordinaria;Grupo 2;5.0
1401;0;2025;ordinaria;Grupo 1;8.33
1402;0;2025;ordinaria;Grupo 2;5.0
1403;0;2025;ordinaria;Grupo 1;10.199
1404;0;2025;ordinaria;Grupo 2;5.61
1405;0;2025;ordinaria;Grupo 1;9.728
1406;0;2025;ordinaria;Grupo 2;5.0
1407;0;2025;ordinaria;Grupo 1;9.458
1408;0;2025;ordinaria;Grupo 2;5.0
1409;0;2025;ordinaria;Grupo 1;10.624
1410;0;2025;ordinaria;Grupo 2;6.8
1411;0;2025;ordinaria;Grupo 1;7.93
1412;0;2025;ordinaria;Grupo 2;5.0
1413;0;2025;ordinaria;Grupo 1;7.0
1414;0;2025;ordinaria;Grupo 2;9.07
1415;0;2025;ordinaria;Grupo 1;7.352
1416;0;2025;ordinaria;Grupo 2;6.79
1417;0;2025;ordinaria;Grupo 1;7.77
1418;0;2025;ordinaria;Grupo 2;5.0
1419;0;2025;ordinaria;Grupo 1;9.625
1420;0;2025;ordinaria;Grupo 2;6.34
1421;0;2025;ordinaria;Grupo 1;10.311
1422;0;2025;ordinaria;Grupo 2;5.0
1423;0;2025;ordinaria;Grupo 1;8.889
1424;0;2025;ordinaria;Grupo 2;8.23
1425;0;2025;ordinaria;Grupo 1;10.064
1426;0;2025;ordinaria;Grupo 2;6.76
1427;0;2025;ordinaria;Grupo 1;10.116
1428;0;2025;ordinaria;Grupo 2;5.0
1429;0;2025;ordinaria;Grupo 1;10.992
1430;0;2025;ordinaria;Grupo 2;5.0
1431;0;2025;ordinaria;Grupo 1;10.632
1432;0;2025;ordinaria;Grupo 2;6.78
1433;0;2025;ordinaria;Grupo 1;7.54
1434;0;2025;ordinaria;Grupo 2;8.02
1435;0;2025;ordinaria;Grupo 1;7.328
1436;0;2025;ordinaria;Grupo 2;5.0
1437;0;2025;ordinaria;Grupo 1;8.71
1438;0;2025;ordinaria;Grupo 2;7.36
1439;0;2025;ordinaria;Grupo 1;5.0
1440;0;2025;ordinaria;Grupo 2;5.0
1441;0;2025;ordinaria;Grupo 1;5.0
1442;0;2025;ordinaria;Grupo 2;5.0
1443;0;2025;ordinaria;Grupo 1;5.0
1444;0;2025;ordinaria;Grupo 2;5.0
1445;0;2025;ordinaria;Grupo 1;5.0
1446;0;2025;ordinaria;Grupo 2;5.0
1447;0;2025;ordinaria;Grupo 1;12.014
1448;0;2025;ordinaria;Grupo 2;5.0
1449;0;2025;ordinaria;Grupo 1;11.685
1450;0;2025;ordinaria;Grupo 2;7.27
1451;0;2025;ordinaria;Grupo 1;8.461
1452;0;2025;ordinaria;Grupo 2;6.33
1453;0;2025;ordinaria;Grupo 1;8.903
1454;0;2025;ordinaria;Grupo 2;7.72
1455;0;2025;ordinaria;Grupo 1;9.937
1456;0;2025;ordinaria;Grupo 2;5.0
1457;0;2025;ordinaria;Grupo 1;8.189
1458;0;2025;ordinaria;Grupo 2;5.0
1459;0;2025;ordinaria;Grupo 1;10.025
1460;0;2025;ordinaria;Grupo 2;6.87
1461;0;2025;ordinaria;Grupo 1;8.775
1462;0;2025;ordinaria;Grupo 2;5.0
1463;0;2025;ordinaria;Grupo 1;10.164
1464;0;2025;ordinaria;Grupo 2;5.0
1465;0;2025;ordinaria;Grupo 1;10.161
1466;0;2025;ordinaria;Grupo 2;5.0
1467;0;2025;ordinaria;Grupo 1;6.431
1468;0;2025;ordinaria;Grupo 2;5.0
1469;0;2025;ordinaria;Grupo 1;8.339
1470;0;2025;ordinaria;Grupo 2;5.0
1471;0;2025;ordinaria;Grupo 1;9.389
1472;0;2025;ordinaria;Grupo 2;5.0
1473;0;2025;ordinaria;Grupo 1;12.433
1474;0;2025;ordinaria;Grupo 2;6.46
1475;0;2025;ordinaria;Grupo 1;10.867
1476;0;2025;ordinaria;Grupo 2;7.45
1477;0;2025;ordinaria;Grupo 1;12.314
1478;0;2025;ordinaria;Grupo 2;9.33
1479;0;2025;ordinaria;Grupo 1;10.5
1480;0;2025;ordinaria;Grupo 2;7.78
1481;0;2025;ordinaria;Grupo 1;11.378
1482;0;2025;ordinaria;Grupo 2;5.0
1483;0;2025;ordinaria;Grupo 1;13.161
1484;0;2025;ordinaria;Grupo 2;7.79
1485;0;2025;ordinaria;Grupo 1;13.061
1486;0;2025;ordinaria;Grupo 2;5.0
1487;0;2025;ordinaria;Grupo 1;9.025
1488;0;2025;ordinaria;Grupo 2;7.66
1489;0;2025;ordinaria;Grupo 1;12.33
1490;0;2025;ordinaria;Grupo 2;6.38
1491;0;2025;ordinaria;Grupo 1;11.102
1492;0;2025;ordinaria;Grupo 2;6.7
1493;0;2025;ordinaria;Grupo 1;11.503
1494;0;2025;ordinaria;Grupo 2;6.24
1495;0;2025;ordinaria;Grupo 1;10.69
1496;0;2025;ordinaria;Grupo 2;8.31
1497;0;2025;ordinaria;Grupo 1;10.475
1498;0;2025;ordinaria;Grupo 2;5.0
1499;0;2025;ordinaria;Grupo 1;11.078
1500;0;2025;ordinaria;Grupo 2;5.0
1501;0;2025;ordinaria;Grupo 1;11.728
1502;0;2025;ordinaria;Grupo 2;5.0
1503;0;2025;ordinaria;Grupo 1;6.689
1504;0;2025;ordinaria;Grupo 2;5.0
1505;0;2025;ordinaria;Grupo 1;12.489
1506;0;2025;ordinaria;Grupo 2;5.0
1507;0;2025;ordinaria;Grupo 1;10.403
1508;0;2025;ordinaria;Grupo 2;5.0
1509;0;2025;ordinaria;Grupo 1;11.153
1510;0;2025;ordinaria;Grupo 2;5.0
1511;0;2025;ordinaria;Grupo 1;11.287
1512;0;2025;ordinaria;Grupo 2;5.0
1513;0;2025;ordinaria;Grupo 1;10.036
1514;0;2025;ordinaria;Grupo 2;5.0
1515;0;2025;ordinaria;Grupo 1;10.378
1516;0;2025;ordinaria;Grupo 2;5.0
1517;0;2025;ordinaria;Grupo 1;11.961
1518;0;2025;ordinaria;Grupo 2;8.71
1519;0;2025;ordinaria;Grupo 1;5.0
1520;0;2025;ordinaria;Grupo 2;5.0
1521;0;2025;ordinaria;Grupo 1;5.0
1522;0;2025;ordinaria;Grupo 2;5.0
1523;0;2025;ordinaria;Grupo 1;10.185
1524;0;2025;ordinaria;Grupo 2;8.61
1525;0;2025;ordinaria;Grupo 1;5.0
1526;0;2025;ordinaria;Grupo 2;5.0
1527;0;2025;ordinaria;Grupo 1;5.0
1528;0;2025;ordinaria;Grupo 2;5.0
1529;0;2025;ordinaria;Grupo 1;9.903
1530;0;2025;ordinaria;Grupo 2;5.0
1531;0;2025;ordinaria;Grupo 1;10.373
1532;0;2025;ordinaria;Grupo 2;5.0
1533;0;2025;ordinaria;Grupo 1;10.814
1534;0;2025;ordinaria;Grupo 2;5.0
1535;0;2025;ordinaria;Grupo 1;9.914
1536;0;2025;ordinaria;Grupo 2;5.0
1537;0;2025;ordinaria;Grupo 1;10.478
1538;0;2025;ordinaria;Grupo 2;5.0
1539;0;2025;ordinaria;Grupo 1;12.604
1540;0;2025;ordinaria;Grupo 2;5.0
1541;0;2025;ordinaria;Grupo 1;12.089
1542;0;2025;ordinaria;Grupo 2;7.09
1543;0;2025;ordinaria;Grupo 1;11.678
1544;0;2025;ordinaria;Grupo 2;5.0
1545;0;2025;ordinaria;Grupo 1;9.849
1546;0;2025;ordinaria;Grupo 2;5.0
1547;0;2025;ordinaria;Grupo 1;11.323
1548;0;2025;ordinaria;Grupo 2;5.0
1549;0;2025;ordinaria;Grupo 1;13.089
1550;0;2025;ordinaria;Grupo 2;7.12
1551;0;2025;ordinaria;Grupo 1;10.589
1552;0;2025;ordinaria;Grupo 2;5.0
1553;0;2025;ordinaria;Grupo 1;11.103
1554;0;2025;ordinaria;Grupo 2;5.0
1555;0;2025;ordinaria;Grupo 1;10.439
1556;0;2025;ordinaria;Grupo 2;5.0
1557;0;2025;ordinaria;Grupo 1;10.825
1558;0;2025;ordinaria;Grupo 2;5.0
1559;0;2025;ordinaria;Grupo 1;8.936
1560;0;2025;ordinaria;Grupo 2;5.0
1561;0;2025;ordinaria;Grupo 1;8.553
1562;0;2025;ordinaria;Grupo 2;7.36
1563;0;2025;ordinaria;Grupo 1;10.046
1564;0;2025;ordinaria;Grupo 2;5.0
1565;0;2025;ordinaria;Grupo 1;12.329
1566;0;2025;ordinaria;Grupo 2;5.0
1567;0;2025;ordinaria;Grupo 1;12.267
1568;0;2025;ordinaria;Grupo 2;5.0
1569;0;2025;ordinaria;Grupo 1;11.492
1570;0;2025;ordinaria;Grupo 2;6.86
1571;0;2025;ordinaria;Grupo 1;12.216
1572;0;2025;ordinaria;Grupo 2;6.8
1573;0;2025;ordinaria;Grupo 1;12.369
1574;0;2025;ordinaria;Grupo 2;5.0
1575;0;2025;ordinaria;Grupo 1;8.76
1576;0;2025;ordinaria;Grupo 2;6.16
1577;0;2025;ordinaria;Grupo 1;5.0
1578;0;2025;ordinaria;Grupo 2;5.0
1579;0;2025;ordinaria;Grupo 1;7.653
1580;0;2025;ordinaria;Grupo 2;5.0
1581;0;2025;ordinaria;Grupo 1;10.177
1582;0;2025;ordinaria;Grupo 2;5.0
1583;0;2025;ordinaria;Grupo 1;9.289
1584;0;2025;ordinaria;Grupo 2;5.0
1585;0;2025;ordinaria;Grupo 1;5.0
1586;0;2025;ordinaria;Grupo 2;5.0
1587;0;2025;ordinaria;Grupo 1;5.0
1588;0;2025;ordinaria;Grupo 2;5.0
1589;19;2025;ordinaria;Grupo 1;5.0
1590;22;2025;ordinaria;Grupo 1;5.0
1591;25;2025;ordinaria;Grupo 1;5.0
1592;32;2025;ordinaria;Grupo 1;5.0
1593;19;2025;ordinaria;Grupo 2;5.0
1594;22;2025;ordinaria;Grupo 2;5.0
1595;25;2025;ordinaria;Grupo 2;5.0
1596;32;2025;ordinaria;Grupo 2;5.0
1597;0;2025;ordinaria;Grupo 1;5.0
1598;0;2025;ordinaria;Grupo 2;5.0
1599;0;2025;ordinaria;Grupo 1;5.0
1600;0;2025;ordinaria;Grupo 2;5.0
1601;0;2025;ordinaria;Grupo 1;5.0
1602;0;2025;ordinaria;Grupo 2;5.0
1603;0;2025;ordinaria;Grupo 1;5.0
1604;0;2025;ordinaria;Grupo 2;5.0
1605;0;2025;ordinaria;Grupo 1;5.0
1606;0;2025;ordinaria;Grupo 2;5.0
